teamID_seasonID,blockedShots,faceoffWinPctg,faceoffs,faceoffsLost,faceoffsWon,gamesPlayed,giveaways,goalsFor,hits,losses,missedShots,otLosses,points,shootingPctg,shotsFor,takeaways,teamAbbrev,teamFullName,ties,wins
2_19992000,1045,0.4787,5540,2888,2652,82,762,194,2655,48,905,1,58,0.0903,2147,640,NYI,New York Islanders,9,24
6_19992000,828,0.4895,5286,2698,2588,82,763,210,2563,33,979,6,73,0.0834,2516,666,BOS,Boston Bruins,19,24
26_19992000,962,0.5174,5438,2624,2814,82,1225,245,2442,27,1162,4,94,0.1011,2421,681,LAK,Los Angeles Kings,12,39
11_19992000,1079,0.4606,5419,2923,2496,82,787,170,2353,57,913,4,39,0.0803,2115,839,ATL,Atlanta Thrashers,7,14
15_19992000,985,0.5327,5485,2563,2922,82,1172,227,2321,24,939,2,102,0.1,2269,631,WSH,Washington Capitals,12,44
12_19992000,979,0.5037,5382,2671,2711,82,708,217,2291,35,1006,0,84,0.1004,2161,528,CAR,Carolina Hurricanes,10,37
25_19992000,861,0.5257,5518,2617,2901,82,1110,211,2262,23,1132,6,102,0.1005,2099,636,DAL,Dallas Stars,10,43
1_19992000,877,0.4933,5195,2632,2563,82,984,251,2146,24,1262,5,103,0.0923,2717,1258,NJD,New Jersey Devils,8,45
23_19992000,959,0.4983,5432,2725,2707,82,830,227,2141,29,1044,8,83,0.1037,2187,854,VAN,Vancouver Canucks,15,30
3_19992000,1233,0.5312,5124,2402,2722,82,1168,218,2069,38,1023,3,73,0.0902,2416,876,NYR,New York Rangers,12,29
24_19992000,856,0.4907,5563,2833,2730,82,815,217,2042,33,939,3,83,0.0922,2352,836,ANA,Anaheim Ducks,12,34
28_19992000,770,0.4924,5509,2796,2713,82,983,225,2010,30,904,7,87,0.1,2248,566,SJS,San Jose Sharks,10,35
14_19992000,903,0.5041,5651,2802,2849,82,1019,204,1985,47,820,7,54,0.0978,2084,726,TBL,Tampa Bay Lightning,9,19
22_19992000,981,0.5107,5378,2631,2747,82,941,226,1984,26,1191,8,88,0.0978,2310,579,EDM,Edmonton Oilers,16,32
27_19992000,873,0.5034,5297,2630,2667,82,1121,232,1974,31,885,4,90,0.1048,2213,921,PHX,Phoenix Coyotes,8,39
9_19992000,938,0.5034,5462,2712,2750,82,1074,244,1917,28,1092,2,95,0.0944,2584,608,OTT,Ottawa Senators,11,41
20_19992000,1037,0.4923,5526,2805,2721,82,815,211,1913,36,1103,5,77,0.0854,2468,630,CGY,Calgary Flames,10,31
4_19992000,1036,0.5173,5399,2606,2793,82,1147,237,1905,22,1122,3,105,0.0949,2495,838,PHI,Philadelphia Flyers,12,45
13_19992000,908,0.4623,5279,2838,2441,82,1042,244,1864,27,970,6,98,0.111,2198,798,FLA,Florida Panthers,6,43
10_19992000,915,0.508,5352,2633,2719,82,1409,246,1860,27,972,3,100,0.1138,2161,361,TOR,Toronto Maple Leafs,7,45
8_19992000,1041,0.4884,5239,2680,2559,82,1333,196,1828,34,901,4,83,0.0918,2135,864,MTL,Montréal Canadiens,9,35
17_19992000,782,0.5337,5353,2496,2857,82,1092,278,1770,22,1042,2,108,0.1061,2620,552,DET,Detroit Red Wings,10,48
7_19992000,919,0.479,5609,2922,2687,82,1329,213,1745,32,1016,4,85,0.0956,2228,531,BUF,Buffalo Sabres,11,35
5_19992000,917,0.4798,5216,2713,2503,82,1009,241,1704,31,965,6,88,0.1127,2137,403,PIT,Pittsburgh Penguins,8,37
21_19992000,963,0.5151,5354,2596,2758,82,852,233,1674,28,1004,1,96,0.1064,2188,929,COL,Colorado Avalanche,11,42
16_19992000,846,0.475,5280,2772,2508,82,850,242,1606,37,839,2,78,0.1149,2106,427,CHI,Chicago Blackhawks,10,33
19_19992000,821,0.5212,5276,2526,2750,82,1128,248,1512,19,1193,1,114,0.1014,2445,549,STL,St. Louis Blues,11,51
18_19992000,851,0.4908,5122,2608,2514,82,934,199,1437,40,874,7,70,0.0898,2215,569,NSH,Nashville Predators,7,28
2_20002001,987,0.4871,5386,2762,2624,82,793,185,2638,51,979,3,52,0.0819,2257,617,NYI,New York Islanders,7,21
26_20002001,1124,0.5068,5392,2659,2733,82,1168,252,2498,28,1118,3,92,0.1101,2288,571,LAK,Los Angeles Kings,13,38
25_20002001,849,0.5116,5152,2516,2636,82,1394,241,2358,24,1010,2,106,0.1147,2100,592,DAL,Dallas Stars,8,48
28_20002001,780,0.4825,5450,2820,2630,82,1176,217,2335,27,977,3,95,0.0957,2267,584,SJS,San Jose Sharks,12,40
13_20002001,810,0.4852,5379,2769,2610,82,896,200,2274,38,917,9,66,0.0921,2170,566,FLA,Florida Panthers,13,22
17_20002001,833,0.5436,5607,2559,3048,82,1104,253,2217,20,1028,4,111,0.0954,2650,624,DET,Detroit Red Wings,9,49
6_20002001,868,0.4924,5398,2740,2658,82,746,227,2201,30,998,8,88,0.0962,2359,621,BOS,Boston Bruins,8,36
21_20002001,929,0.5133,5649,2749,2900,82,750,270,2161,16,1023,4,118,0.1127,2395,885,COL,Colorado Avalanche,10,52
12_20002001,1061,0.5493,5286,2382,2904,82,753,212,2152,32,1033,3,88,0.0956,2217,626,CAR,Carolina Hurricanes,9,38
3_20002001,1166,0.5116,5220,2549,2671,82,1263,250,2119,43,993,1,72,0.1066,2345,925,NYR,New York Rangers,5,33
10_20002001,955,0.5284,5365,2530,2835,82,1171,232,2075,29,1020,5,90,0.1019,2276,424,TOR,Toronto Maple Leafs,11,37
9_20002001,990,0.4854,5471,2815,2656,82,958,274,2057,21,1036,4,109,0.1106,2476,591,OTT,Ottawa Senators,9,48
1_20002001,856,0.4938,5259,2662,2597,82,1011,295,2027,19,1198,3,111,0.1138,2590,1015,NJD,New Jersey Devils,12,48
23_20002001,1041,0.4685,5555,2952,2603,82,823,239,1982,28,1126,7,90,0.0981,2434,814,VAN,Vancouver Canucks,11,36
24_20002001,850,0.4833,5520,2852,2668,82,761,188,1899,41,865,5,66,0.0885,2123,629,ANA,Anaheim Ducks,11,25
7_20002001,965,0.5,5306,2653,2653,82,1143,218,1890,30,908,1,98,0.0989,2204,503,BUF,Buffalo Sabres,5,46
22_20002001,1193,0.5106,5422,2653,2769,82,1084,243,1879,28,1016,3,93,0.1132,2145,680,EDM,Edmonton Oilers,12,39
15_20002001,919,0.5517,5345,2396,2949,82,1077,233,1874,27,846,4,96,0.0992,2348,717,WSH,Washington Capitals,10,41
5_20002001,928,0.4671,5260,2803,2457,82,945,281,1844,28,973,3,96,0.1173,2394,404,PIT,Pittsburgh Penguins,9,42
27_20002001,895,0.4982,5283,2651,2632,82,1141,214,1836,27,848,3,90,0.1041,2055,871,PHX,Phoenix Coyotes,17,35
20_20002001,911,0.5155,5431,2631,2800,82,826,197,1824,36,1017,4,73,0.0883,2230,503,CGY,Calgary Flames,15,27
8_20002001,996,0.4949,5312,2683,2629,82,1243,206,1822,40,1008,6,70,0.0959,2148,733,MTL,Montréal Canadiens,8,28
19_20002001,823,0.5191,5486,2638,2848,82,940,249,1812,22,1304,5,103,0.0998,2494,465,STL,St. Louis Blues,12,43
4_20002001,976,0.5031,5444,2705,2739,82,989,240,1810,25,960,3,100,0.0978,2452,649,PHI,Philadelphia Flyers,11,43
30_20002001,1174,0.4807,5433,2821,2612,82,1478,168,1738,39,987,5,68,0.0831,2020,700,MIN,Minnesota Wild,13,25
11_20002001,1009,0.4606,5711,3080,2631,82,796,211,1710,45,940,2,60,0.092,2291,591,ATL,Atlanta Thrashers,12,23
29_20002001,1076,0.5048,5338,2643,2695,82,896,190,1689,39,785,6,71,0.0912,2082,644,CBJ,Columbus Blue Jackets,9,28
14_20002001,1036,0.4686,5467,2905,2562,82,1011,201,1655,47,877,5,59,0.0998,2014,580,TBL,Tampa Bay Lightning,6,24
16_20002001,956,0.499,5382,2696,2686,82,761,210,1606,40,853,5,71,0.0972,2160,396,CHI,Chicago Blackhawks,8,29
18_20002001,779,0.484,5053,2607,2446,82,905,186,1470,36,796,3,80,0.0852,2182,508,NSH,Nashville Predators,9,34
21_20012002,1248,0.5142,5427,2636,2791,82,781,212,2325,28,996,1,99,0.0941,2252,816,COL,Colorado Avalanche,8,45
13_20012002,835,0.461,5509,2969,2540,82,716,180,2255,44,966,6,60,0.0816,2205,535,FLA,Florida Panthers,10,22
9_20012002,918,0.5011,5342,2665,2677,82,995,243,2182,27,940,7,94,0.0984,2469,550,OTT,Ottawa Senators,9,39
25_20012002,887,0.528,5356,2528,2828,82,1347,215,2146,28,1284,5,90,0.092,2335,641,DAL,Dallas Stars,13,36
27_20012002,802,0.4823,5272,2729,2543,82,914,228,2139,27,964,6,95,0.1046,2179,701,PHX,Phoenix Coyotes,9,40
2_20012002,965,0.5169,5579,2695,2884,82,760,239,2119,28,998,4,96,0.103,2319,629,NYI,New York Islanders,8,42
28_20012002,743,0.4895,5421,2767,2654,82,1024,248,2115,27,945,3,99,0.1113,2228,555,SJS,San Jose Sharks,8,44
12_20012002,952,0.5606,5529,2429,3100,82,749,217,2058,26,1016,5,91,0.0924,2347,700,CAR,Carolina Hurricanes,16,35
20_20012002,1013,0.5254,5487,2604,2883,82,880,201,2053,35,1022,3,79,0.091,2207,508,CGY,Calgary Flames,12,32
26_20012002,1028,0.5122,5232,2552,2680,82,885,214,2052,27,993,4,95,0.1014,2110,494,LAK,Los Angeles Kings,11,40
19_20012002,969,0.4987,5313,2663,2650,82,924,227,2020,27,1304,4,98,0.0953,2380,424,STL,St. Louis Blues,8,43
23_20012002,836,0.5067,5518,2722,2796,82,795,254,2000,30,1029,3,94,0.1092,2326,835,VAN,Vancouver Canucks,7,42
1_20012002,920,0.4951,5156,2603,2553,82,888,205,1983,28,1155,4,95,0.0838,2445,898,NJD,New Jersey Devils,9,41
16_20012002,940,0.4795,5530,2878,2652,82,656,216,1978,27,881,1,96,0.0951,2271,322,CHI,Chicago Blackhawks,13,41
10_20012002,845,0.518,5281,2545,2736,82,1028,249,1934,25,1010,4,100,0.1064,2339,396,TOR,Toronto Maple Leafs,10,43
3_20012002,1249,0.507,5554,2738,2816,82,1114,227,1908,38,986,4,80,0.0948,2392,708,NYR,New York Rangers,4,36
4_20012002,938,0.4992,5330,2669,2661,82,1126,234,1833,27,1049,3,97,0.0958,2442,653,PHI,Philadelphia Flyers,10,42
29_20012002,1201,0.5004,5309,2652,2657,82,811,164,1810,47,834,5,57,0.0801,2046,597,CBJ,Columbus Blue Jackets,8,22
7_20012002,1025,0.4738,5468,2877,2591,82,913,213,1780,35,950,1,82,0.0928,2295,455,BUF,Buffalo Sabres,11,35
24_20012002,746,0.5097,5410,2652,2758,82,713,175,1744,42,811,3,69,0.0816,2142,599,ANA,Anaheim Ducks,8,29
5_20012002,982,0.471,5484,2901,2583,82,684,198,1709,41,876,5,69,0.0893,2215,371,PIT,Pittsburgh Penguins,8,28
11_20012002,1002,0.4633,5434,2916,2518,82,887,187,1689,47,834,5,54,0.0942,1984,551,ATL,Atlanta Thrashers,11,19
6_20012002,716,0.4794,5212,2713,2499,82,793,236,1665,24,870,9,101,0.0909,2596,560,BOS,Boston Bruins,6,43
22_20012002,1070,0.5038,5107,2534,2573,82,1125,205,1661,28,981,4,92,0.0908,2256,826,EDM,Edmonton Oilers,12,38
18_20012002,876,0.4695,5256,2788,2468,82,690,196,1609,41,922,0,69,0.097,2019,819,NSH,Nashville Predators,13,28
17_20012002,866,0.5139,5337,2594,2743,82,1040,251,1583,17,980,4,116,0.0988,2538,664,DET,Detroit Red Wings,10,51
8_20012002,1103,0.5279,5309,2506,2803,82,1227,207,1505,31,923,3,87,0.0989,2092,684,MTL,Montréal Canadiens,12,36
14_20012002,954,0.4703,5100,2701,2399,82,762,178,1468,40,938,4,69,0.0816,2179,620,TBL,Tampa Bay Lightning,11,27
15_20012002,909,0.5333,5359,2501,2858,82,1026,228,1468,33,894,2,85,0.0994,2293,601,WSH,Washington Capitals,11,36
30_20012002,1115,0.4852,5643,2905,2738,82,1171,195,1353,35,882,9,73,0.0997,1954,555,MIN,Minnesota Wild,12,26
13_20022003,273,0.4617,5501,2961,2540,82,245,176,1021,36,324,9,70,0.0789,2229,182,FLA,Florida Panthers,13,24
21_20022003,330,0.4791,5295,2758,2537,82,226,251,763,19,237,8,105,0.1051,2386,199,COL,Colorado Avalanche,13,42
20_20022003,275,0.5391,5421,2498,2923,82,275,186,761,36,335,4,75,0.0794,2341,184,CGY,Calgary Flames,13,29
19_20022003,311,0.4901,5255,2679,2576,82,374,253,757,24,416,6,99,0.1099,2301,129,STL,St. Louis Blues,11,41
17_20022003,260,0.5223,5167,2468,2699,82,297,269,736,20,263,4,110,0.1102,2441,169,DET,Detroit Red Wings,10,48
27_20022003,303,0.4657,5484,2930,2554,82,248,204,718,35,356,5,78,0.0888,2297,140,PHX,Phoenix Coyotes,11,31
9_20022003,258,0.4705,5300,2806,2494,82,305,263,717,21,287,1,113,0.1076,2442,198,OTT,Ottawa Senators,8,52
28_20022003,276,0.503,5300,2634,2666,82,379,214,687,37,320,8,73,0.0929,2303,166,SJS,San Jose Sharks,9,28
25_20022003,290,0.5022,5276,2626,2650,82,517,245,675,17,354,4,111,0.0993,2466,216,DAL,Dallas Stars,15,46
26_20022003,303,0.4904,5263,2682,2581,82,255,203,668,37,321,6,78,0.0893,2272,121,LAK,Los Angeles Kings,6,33
3_20022003,312,0.5331,5334,2490,2844,82,274,210,657,36,301,4,78,0.0851,2465,187,NYR,New York Rangers,10,32
2_20022003,366,0.5108,5606,2742,2864,82,270,224,626,34,297,2,83,0.0922,2427,227,NYI,New York Islanders,11,35
22_20022003,297,0.511,5140,2513,2627,82,388,231,607,26,329,9,92,0.1007,2293,211,EDM,Edmonton Oilers,11,36
12_20022003,291,0.5294,5349,2517,2832,82,203,171,603,43,298,6,61,0.0708,2414,147,CAR,Carolina Hurricanes,11,22
10_20022003,305,0.5068,5396,2661,2735,82,366,236,598,28,321,3,98,0.1096,2153,110,TOR,Toronto Maple Leafs,7,44
23_20022003,299,0.4984,5339,2678,2661,82,221,264,589,23,304,1,104,0.1105,2388,152,VAN,Vancouver Canucks,13,45
14_20022003,345,0.5023,5108,2542,2566,82,245,219,555,25,285,5,93,0.0914,2395,219,TBL,Tampa Bay Lightning,16,36
7_20022003,303,0.5011,5336,2662,2674,82,352,190,554,37,366,8,72,0.081,2345,150,BUF,Buffalo Sabres,10,27
29_20022003,299,0.4861,5505,2829,2676,82,248,213,552,42,254,3,69,0.0993,2143,217,CBJ,Columbus Blue Jackets,8,29
6_20022003,260,0.4957,5464,2755,2709,82,202,245,538,31,331,4,87,0.0929,2636,133,BOS,Boston Bruins,11,36
11_20022003,340,0.4593,5345,2890,2455,82,260,226,523,39,264,5,74,0.1044,2163,190,ATL,Atlanta Thrashers,7,31
4_20022003,310,0.5224,5065,2419,2646,82,399,211,506,20,351,4,107,0.0831,2537,204,PHI,Philadelphia Flyers,13,45
1_20022003,303,0.5067,5002,2467,2535,82,270,216,487,20,371,6,108,0.083,2601,214,NJD,New Jersey Devils,10,46
24_20022003,170,0.5521,5120,2293,2827,82,332,203,481,27,293,6,95,0.0903,2246,235,ANA,Anaheim Ducks,9,40
16_20022003,255,0.5005,5336,2665,2671,82,169,207,474,33,233,6,79,0.0908,2279,86,CHI,Chicago Blackhawks,13,30
5_20022003,320,0.4945,5472,2766,2706,82,211,189,470,44,255,5,65,0.0909,2079,109,PIT,Pittsburgh Penguins,6,27
15_20022003,303,0.4916,5081,2583,2498,82,463,224,458,29,262,6,92,0.1007,2223,178,WSH,Washington Capitals,8,39
18_20022003,245,0.4846,5264,2713,2551,82,264,183,458,35,273,7,74,0.079,2316,186,NSH,Nashville Predators,13,27
8_20022003,292,0.5267,5141,2433,2708,82,385,206,437,35,336,9,77,0.0972,2119,212,MTL,Montréal Canadiens,8,30
30_20022003,367,0.4683,5445,2895,2550,82,332,198,382,29,303,1,95,0.0949,2086,167,MIN,Minnesota Wild,10,42
9_20032004,910,0.4705,5364,2840,2524,82,1018,262,1889,23,863,6,102,0.1082,2421,624,OTT,Ottawa Senators,10,43
10_20032004,864,0.5213,5386,2578,2808,82,1005,242,1675,24,964,3,103,0.1074,2253,389,TOR,Toronto Maple Leafs,10,45
2_20032004,1077,0.4931,5335,2704,2631,82,800,237,1634,29,900,4,91,0.1012,2341,644,NYI,New York Islanders,11,38
25_20032004,874,0.514,5052,2455,2597,82,1557,194,1592,26,1083,2,97,0.0883,2196,749,DAL,Dallas Stars,13,41
21_20032004,1044,0.5,5401,2700,2701,82,797,236,1573,22,829,7,100,0.0978,2411,821,COL,Colorado Avalanche,13,40
27_20032004,882,0.4892,5288,2701,2587,82,594,188,1493,36,911,6,68,0.0865,2171,392,PHX,Phoenix Coyotes,18,22
20_20032004,943,0.5068,5548,2736,2812,82,823,200,1490,30,980,3,94,0.0889,2248,533,CGY,Calgary Flames,7,42
19_20032004,1000,0.4993,5237,2622,2615,82,907,191,1472,30,1090,2,91,0.0859,2223,392,STL,St. Louis Blues,11,39
11_20032004,1034,0.4674,5462,2909,2553,82,892,214,1433,37,858,4,78,0.0999,2141,505,ATL,Atlanta Thrashers,8,33
3_20032004,990,0.5135,5100,2481,2619,82,799,206,1396,40,947,8,69,0.0852,2416,528,NYR,New York Rangers,7,27
23_20032004,902,0.512,5365,2618,2747,82,805,235,1384,24,1001,5,101,0.0987,2379,512,VAN,Vancouver Canucks,10,43
26_20032004,874,0.5109,5537,2708,2829,82,961,205,1375,29,1054,9,81,0.0872,2349,383,LAK,Los Angeles Kings,16,28
8_20032004,1022,0.5165,5117,2474,2643,82,1031,208,1371,30,967,4,93,0.0916,2270,603,MTL,Montréal Canadiens,7,41
13_20032004,1012,0.4607,5285,2850,2435,82,685,188,1335,35,911,4,75,0.0827,2273,451,FLA,Florida Panthers,15,28
12_20032004,1028,0.5486,5348,2414,2934,82,639,172,1227,34,999,6,76,0.0718,2394,534,CAR,Carolina Hurricanes,14,28
29_20032004,953,0.4779,5471,2856,2615,82,497,177,1221,45,796,4,62,0.0776,2280,439,CBJ,Columbus Blue Jackets,8,25
5_20032004,1112,0.4722,5548,2928,2620,82,559,190,1202,47,827,4,58,0.0936,2029,344,PIT,Pittsburgh Penguins,8,23
7_20032004,989,0.5024,5618,2795,2823,82,896,220,1199,34,882,4,85,0.0956,2301,390,BUF,Buffalo Sabres,7,37
17_20032004,955,0.5253,5259,2496,2763,82,923,255,1189,21,887,2,109,0.1026,2484,718,DET,Detroit Red Wings,11,48
4_20032004,887,0.5028,5081,2526,2555,82,832,229,1164,21,1000,6,101,0.0949,2411,456,PHI,Philadelphia Flyers,15,40
16_20032004,863,0.4935,5456,2763,2693,82,529,188,1162,43,727,8,59,0.0783,2401,290,CHI,Chicago Blackhawks,11,20
15_20032004,963,0.4898,5108,2606,2502,82,1043,186,1157,46,810,3,59,0.0955,1946,639,WSH,Washington Capitals,10,23
28_20032004,785,0.4845,5432,2800,2632,82,696,219,1143,21,979,6,104,0.0952,2300,312,SJS,San Jose Sharks,12,43
6_20032004,862,0.5213,5384,2577,2807,82,744,209,1136,19,876,7,104,0.0836,2500,547,BOS,Boston Bruins,15,41
24_20032004,726,0.5533,5208,2326,2882,82,794,184,1128,35,924,8,76,0.0754,2438,741,ANA,Anaheim Ducks,10,29
22_20032004,1114,0.5089,5303,2604,2699,82,1248,221,1083,29,1029,5,89,0.0947,2332,579,EDM,Edmonton Oilers,12,36
18_20032004,802,0.4885,5414,2769,2645,82,758,216,1057,29,755,4,91,0.0969,2227,517,NSH,Nashville Predators,11,38
14_20032004,917,0.4999,5171,2586,2585,82,801,245,1023,22,919,6,106,0.0995,2460,638,TBL,Tampa Bay Lightning,8,46
1_20032004,834,0.492,4916,2497,2419,82,1073,213,928,25,974,2,100,0.0875,2433,619,NJD,New Jersey Devils,12,43
30_20032004,1075,0.4666,5330,2843,2487,82,997,188,700,29,811,3,83,0.0948,1982,532,MIN,Minnesota Wild,20,30
10_20052006,1160,0.5162,5027,2432,2595,82,914,254,1805,33,1026,8,90,0.1093,2323,490,TOR,Toronto Maple Leafs,0,41
9_20052006,1101,0.5026,5019,2496,2523,82,867,312,1765,21,1062,9,113,0.1109,2811,638,OTT,Ottawa Senators,0,52
25_20052006,1040,0.5026,4830,2402,2428,82,1049,253,1722,23,1065,6,112,0.1083,2336,692,DAL,Dallas Stars,0,53
8_20052006,1135,0.4933,4950,2508,2442,82,870,241,1649,31,1101,9,93,0.0975,2470,987,MTL,Montréal Canadiens,0,42
20_20052006,964,0.504,4952,2456,2496,82,888,216,1648,25,962,11,103,0.0939,2299,638,CGY,Calgary Flames,0,46
15_20052006,1101,0.504,5176,2567,2609,82,930,230,1542,41,922,12,70,0.094,2445,673,WSH,Washington Capitals,0,29
2_20052006,1161,0.4866,4987,2560,2427,82,824,221,1523,40,1023,6,78,0.089,2481,745,NYI,New York Islanders,0,36
27_20052006,1043,0.4919,5027,2554,2473,82,675,242,1422,39,993,5,81,0.1044,2318,494,PHX,Phoenix Coyotes,0,38
28_20052006,898,0.4836,4851,2505,2346,82,859,265,1411,27,975,11,99,0.1067,2483,515,SJS,San Jose Sharks,0,44
11_20052006,1123,0.5007,5172,2582,2590,82,934,276,1405,33,1005,8,90,0.1094,2522,792,ATL,Atlanta Thrashers,0,41
23_20052006,965,0.4813,4936,2560,2376,82,624,252,1358,32,1030,8,92,0.1068,2358,525,VAN,Vancouver Canucks,0,42
26_20052006,1016,0.4987,5003,2508,2495,82,901,243,1358,35,1036,5,89,0.1015,2394,388,LAK,Los Angeles Kings,0,42
16_20052006,893,0.4886,4879,2495,2384,82,486,209,1351,43,758,13,65,0.0842,2480,446,CHI,Chicago Blackhawks,0,26
5_20052006,1219,0.4593,4951,2677,2274,82,646,243,1321,46,849,14,58,0.1057,2297,402,PIT,Pittsburgh Penguins,0,22
4_20052006,1078,0.4947,4819,2435,2384,82,772,263,1294,26,1069,11,101,0.103,2552,513,PHI,Philadelphia Flyers,0,45
24_20052006,662,0.5075,4995,2460,2535,82,616,251,1246,27,918,12,98,0.097,2585,552,ANA,Anaheim Ducks,0,43
22_20052006,1167,0.5339,4918,2292,2626,82,1321,249,1203,28,1115,13,95,0.1019,2442,658,EDM,Edmonton Oilers,0,41
3_20052006,1220,0.4748,4587,2409,2178,82,850,250,1197,26,940,12,100,0.1021,2448,674,NYR,New York Rangers,0,44
19_20052006,1226,0.5065,5010,2472,2538,82,968,193,1175,46,1049,15,57,0.0826,2335,421,STL,St. Louis Blues,0,21
6_20052006,1065,0.5203,5125,2458,2667,82,521,228,1170,37,897,16,74,0.0908,2511,502,BOS,Boston Bruins,0,29
1_20052006,989,0.4949,4691,2369,2322,82,987,233,1167,27,1024,9,101,0.0972,2395,660,NJD,New Jersey Devils,0,46
18_20052006,1091,0.5384,5176,2389,2787,82,633,253,1155,25,895,8,106,0.1063,2380,543,NSH,Nashville Predators,0,49
17_20052006,942,0.5284,4895,2308,2587,82,922,301,1149,16,1143,8,124,0.1076,2796,690,DET,Detroit Red Wings,0,58
29_20052006,1024,0.4941,5033,2546,2487,82,515,215,1147,43,856,4,74,0.0955,2250,553,CBJ,Columbus Blue Jackets,0,35
12_20052006,1259,0.5172,5141,2482,2659,82,551,286,1145,22,1071,8,112,0.112,2553,521,CAR,Carolina Hurricanes,0,52
13_20052006,857,0.507,5351,2638,2713,82,713,236,1131,34,1026,11,85,0.0866,2724,489,FLA,Florida Panthers,0,37
7_20052006,1211,0.4966,5058,2546,2512,82,903,276,1073,24,975,6,110,0.1099,2510,450,BUF,Buffalo Sabres,0,52
14_20052006,1075,0.5007,4969,2481,2488,82,724,246,975,33,1083,6,92,0.0948,2594,610,TBL,Tampa Bay Lightning,0,43
21_20052006,1254,0.4809,4984,2587,2397,82,716,280,951,30,838,9,95,0.1136,2464,913,COL,Colorado Avalanche,0,43
30_20052006,1020,0.4832,4890,2527,2363,82,739,226,846,36,944,8,84,0.103,2194,524,MIN,Minnesota Wild,0,38
12_20062007,1078,0.5233,4957,2363,2594,82,777,241,1949,34,1073,8,88,0.0941,2559,546,CAR,Carolina Hurricanes,0,40
10_20062007,1035,0.5192,5169,2485,2684,82,970,254,1863,31,1127,11,91,0.0947,2681,538,TOR,Toronto Maple Leafs,0,40
9_20062007,1242,0.5028,5000,2486,2514,82,853,286,1843,25,936,9,105,0.1078,2651,681,OTT,Ottawa Senators,0,48
2_20062007,1307,0.5164,4864,2352,2512,82,861,240,1808,30,964,12,92,0.0976,2459,766,NYI,New York Islanders,0,40
3_20062007,1386,0.4993,4640,2323,2317,82,818,233,1782,30,1024,10,94,0.0901,2586,622,NYR,New York Rangers,0,42
13_20062007,1021,0.4786,4979,2596,2383,82,790,245,1776,31,1104,16,86,0.0897,2730,559,FLA,Florida Panthers,0,35
8_20062007,1253,0.495,4870,2459,2411,82,941,239,1771,34,976,6,90,0.0985,2426,762,MTL,Montréal Canadiens,0,42
25_20062007,1039,0.5007,4473,2233,2240,82,857,217,1670,25,1036,7,107,0.0945,2296,686,DAL,Dallas Stars,0,50
15_20062007,1119,0.4982,5080,2549,2531,82,968,234,1556,40,951,14,70,0.1019,2295,662,WSH,Washington Capitals,0,28
24_20062007,728,0.5185,4675,2251,2424,82,762,254,1534,20,963,14,110,0.0983,2582,570,ANA,Anaheim Ducks,0,48
26_20062007,1143,0.4772,4756,2486,2270,82,906,223,1503,41,1100,14,68,0.0877,2542,379,LAK,Los Angeles Kings,0,27
11_20062007,1293,0.5293,5038,2371,2667,82,943,239,1501,28,907,11,97,0.098,2438,822,ATL,Atlanta Thrashers,0,43
20_20062007,1029,0.4838,4770,2462,2308,82,971,255,1491,29,868,10,96,0.1137,2242,670,CGY,Calgary Flames,0,43
28_20062007,1054,0.5106,4481,2193,2288,82,843,256,1463,26,977,5,107,0.1091,2346,477,SJS,San Jose Sharks,0,51
27_20062007,1062,0.5271,4612,2181,2431,82,712,211,1422,46,913,5,67,0.0909,2320,490,PHX,Phoenix Coyotes,0,31
29_20062007,995,0.5015,4638,2312,2326,82,462,196,1407,42,826,7,73,0.0862,2273,498,CBJ,Columbus Blue Jackets,0,33
6_20062007,1035,0.4833,5098,2634,2464,82,655,210,1379,41,840,6,76,0.0886,2370,488,BOS,Boston Bruins,0,35
5_20062007,1238,0.4698,4808,2549,2259,82,632,267,1379,24,918,11,105,0.1128,2366,434,PIT,Pittsburgh Penguins,0,47
19_20062007,1211,0.5114,4769,2330,2439,82,853,208,1356,35,1002,13,81,0.0944,2202,470,STL,St. Louis Blues,0,34
16_20062007,1015,0.478,4569,2385,2184,82,461,195,1354,42,655,9,71,0.0885,2201,345,CHI,Chicago Blackhawks,0,31
1_20062007,1127,0.4901,4350,2218,2132,82,854,206,1348,24,1018,9,107,0.0875,2354,642,NJD,New Jersey Devils,0,49
4_20062007,1262,0.4706,4842,2563,2279,82,997,213,1317,48,982,12,56,0.0902,2361,581,PHI,Philadelphia Flyers,0,22
22_20062007,1283,0.5148,4625,2244,2381,82,1367,192,1298,43,986,7,71,0.0875,2193,766,EDM,Edmonton Oilers,0,32
14_20062007,1006,0.489,4711,2407,2304,82,806,243,1275,33,976,5,93,0.1004,2418,729,TBL,Tampa Bay Lightning,0,44
7_20062007,1248,0.514,5062,2460,2602,82,1044,298,1272,22,948,7,113,0.1232,2417,508,BUF,Buffalo Sabres,0,53
17_20062007,836,0.5363,4620,2142,2478,82,1031,252,1272,19,1115,13,113,0.0909,2771,654,DET,Detroit Red Wings,0,50
18_20062007,1010,0.5034,4835,2401,2434,82,657,266,1241,23,909,8,110,0.1176,2261,597,NSH,Nashville Predators,0,51
23_20062007,870,0.4923,4718,2395,2323,82,589,217,1206,26,1036,7,105,0.0902,2405,484,VAN,Vancouver Canucks,0,49
30_20062007,1006,0.4764,4626,2422,2204,82,730,225,1004,26,965,8,104,0.0925,2431,552,MIN,Minnesota Wild,0,48
21_20062007,1251,0.4863,4793,2462,2331,82,725,267,964,31,784,7,95,0.1025,2603,682,COL,Colorado Avalanche,0,44
3_20072008,1013,0.5229,4417,2107,2310,82,649,205,2137,27,997,13,97,0.0794,2579,687,NYR,New York Rangers,0,42
8_20072008,1343,0.4898,4740,2418,2322,82,835,257,2007,25,924,10,104,0.1078,2383,644,MTL,Montréal Canadiens,0,47
9_20072008,1011,0.5165,4702,2273,2429,82,831,258,1802,31,935,8,94,0.1044,2471,590,OTT,Ottawa Senators,0,43
28_20072008,992,0.5117,4256,2078,2178,82,858,216,1789,23,928,10,108,0.0889,2428,511,SJS,San Jose Sharks,0,49
12_20072008,1056,0.494,5018,2539,2479,82,512,250,1741,33,991,6,92,0.0936,2669,569,CAR,Carolina Hurricanes,0,43
19_20072008,1040,0.5184,4610,2220,2390,82,468,202,1705,36,820,13,79,0.0943,2141,453,STL,St. Louis Blues,0,33
26_20072008,1046,0.4782,4594,2397,2197,82,1012,226,1652,43,944,7,71,0.0962,2349,431,LAK,Los Angeles Kings,0,32
20_20072008,764,0.4952,4733,2389,2344,82,743,226,1633,30,944,10,94,0.0975,2316,621,CGY,Calgary Flames,0,42
25_20072008,793,0.504,4321,2143,2178,82,877,237,1619,30,893,7,97,0.1083,2187,723,DAL,Dallas Stars,0,45
24_20072008,720,0.5016,4625,2305,2320,82,686,197,1619,27,901,8,102,0.0879,2241,546,ANA,Anaheim Ducks,0,47
14_20072008,1072,0.4973,4590,2307,2283,82,590,221,1616,42,875,9,71,0.0938,2354,598,TBL,Tampa Bay Lightning,0,31
2_20072008,1134,0.5105,4617,2260,2357,82,790,189,1613,38,837,9,79,0.0776,2435,834,NYI,New York Islanders,0,35
15_20072008,1005,0.5116,4734,2312,2422,82,868,238,1599,31,1007,8,94,0.0937,2538,665,WSH,Washington Capitals,0,43
6_20072008,878,0.4913,4699,2390,2309,82,521,206,1593,29,889,12,94,0.088,2339,430,BOS,Boston Bruins,0,41
27_20072008,1018,0.4862,4732,2431,2301,82,436,209,1572,37,890,7,83,0.0836,2500,495,PHX,Phoenix Coyotes,0,38
29_20072008,886,0.5226,4630,2210,2420,82,413,190,1563,36,809,12,80,0.0797,2381,417,CBJ,Columbus Blue Jackets,0,34
5_20072008,1129,0.461,4687,2526,2161,82,580,240,1557,27,896,8,102,0.1057,2269,481,PIT,Pittsburgh Penguins,0,47
13_20072008,980,0.4879,4898,2508,2390,82,572,211,1551,35,881,9,85,0.0827,2549,436,FLA,Florida Panthers,0,38
10_20072008,1065,0.498,4654,2336,2318,82,883,228,1547,35,1015,11,83,0.0896,2542,469,TOR,Toronto Maple Leafs,0,36
7_20072008,1035,0.4864,4683,2405,2278,82,787,251,1512,31,861,12,90,0.1012,2478,393,BUF,Buffalo Sabres,0,39
16_20072008,891,0.5234,4459,2125,2334,82,443,234,1482,34,656,8,88,0.1018,2298,476,CHI,Chicago Blackhawks,0,40
1_20072008,830,0.5039,4286,2126,2160,82,515,198,1471,29,907,7,99,0.0838,2362,543,NJD,New Jersey Devils,0,46
18_20072008,873,0.505,4764,2358,2406,82,584,227,1454,32,885,9,91,0.0936,2425,736,NSH,Nashville Predators,0,41
4_20072008,1173,0.493,4900,2484,2416,82,747,245,1415,29,877,11,95,0.1038,2359,514,PHI,Philadelphia Flyers,0,42
17_20072008,709,0.5326,4573,2137,2436,82,678,252,1413,21,1035,7,115,0.0893,2820,536,DET,Detroit Red Wings,0,54
11_20072008,1076,0.5176,4766,2299,2467,82,647,207,1333,40,686,8,76,0.0978,2115,750,ATL,Atlanta Thrashers,0,34
30_20072008,916,0.4729,4609,2429,2180,82,638,220,1238,28,927,10,98,0.0991,2218,495,MIN,Minnesota Wild,0,44
23_20072008,988,0.4868,4558,2339,2219,82,652,207,1232,33,888,10,88,0.0919,2252,509,VAN,Vancouver Canucks,0,39
21_20072008,1081,0.4778,4495,2347,2148,82,641,224,1168,31,725,7,95,0.0953,2349,642,COL,Colorado Avalanche,0,44
22_20072008,1143,0.5048,4601,2278,2323,82,998,220,1130,35,875,6,88,0.102,2156,556,EDM,Edmonton Oilers,0,41
3_20082009,957,0.5084,4547,2235,2312,82,474,200,2312,30,1050,9,95,0.0752,2658,598,NYR,New York Rangers,0,43
26_20082009,1040,0.5198,4559,2189,2370,82,928,202,2128,37,1114,11,79,0.0847,2383,464,LAK,Los Angeles Kings,0,34
25_20082009,982,0.4782,4433,2313,2120,82,794,224,2076,35,1012,11,83,0.0945,2370,663,DAL,Dallas Stars,0,36
28_20082009,968,0.5378,4596,2124,2472,82,836,251,2042,18,1011,11,117,0.0922,2720,573,SJS,San Jose Sharks,0,53
8_20082009,1316,0.5087,4849,2382,2467,82,965,242,1974,30,935,11,93,0.0983,2461,646,MTL,Montréal Canadiens,0,41
5_20082009,1280,0.4909,4705,2395,2310,82,653,258,1939,28,923,9,99,0.1083,2381,468,PIT,Pittsburgh Penguins,0,45
9_20082009,1147,0.5182,4548,2191,2357,82,746,213,1923,35,853,11,83,0.0885,2405,647,OTT,Ottawa Senators,0,36
29_20082009,1022,0.512,4681,2284,2397,82,380,220,1919,31,858,10,92,0.0928,2370,507,CBJ,Columbus Blue Jackets,0,41
14_20082009,1104,0.5015,4652,2319,2333,82,700,207,1854,40,852,18,66,0.0885,2338,565,TBL,Tampa Bay Lightning,0,24
2_20082009,1391,0.4566,4774,2594,2180,82,714,198,1828,47,857,9,61,0.0834,2372,858,NYI,New York Islanders,0,26
6_20082009,1072,0.5098,4680,2294,2386,82,487,270,1825,19,916,10,116,0.1087,2482,498,BOS,Boston Bruins,0,53
27_20082009,1209,0.4482,4658,2570,2088,82,404,205,1809,39,892,7,79,0.089,2302,384,PHX,Phoenix Coyotes,0,36
10_20082009,1252,0.5013,4759,2373,2386,82,858,244,1764,35,1084,13,81,0.0937,2603,594,TOR,Toronto Maple Leafs,0,34
24_20082009,801,0.498,4616,2317,2299,82,671,238,1758,33,984,7,91,0.0959,2481,476,ANA,Anaheim Ducks,0,42
12_20082009,1194,0.513,4742,2309,2433,82,504,236,1716,30,1083,7,97,0.0882,2675,665,CAR,Carolina Hurricanes,0,45
4_20082009,1243,0.4833,4922,2543,2379,82,908,260,1712,27,922,11,99,0.1065,2441,645,PHI,Philadelphia Flyers,0,44
18_20082009,1035,0.522,4896,2340,2556,82,655,207,1671,34,914,8,88,0.0871,2375,698,NSH,Nashville Predators,0,40
15_20082009,1111,0.5166,4775,2308,2467,82,1011,268,1662,24,1059,8,108,0.0975,2748,766,WSH,Washington Capitals,0,50
19_20082009,1128,0.4906,4669,2378,2291,82,496,227,1611,31,964,10,92,0.0999,2271,491,STL,St. Louis Blues,0,41
13_20082009,1105,0.4789,4783,2492,2291,82,602,231,1562,30,910,11,93,0.0957,2412,494,FLA,Florida Panthers,0,41
20_20082009,788,0.5126,4787,2333,2454,82,703,251,1552,30,1048,6,98,0.0949,2643,531,CGY,Calgary Flames,0,46
16_20082009,846,0.4809,4564,2369,2195,82,414,260,1520,24,863,12,104,0.0969,2683,488,CHI,Chicago Blackhawks,0,46
17_20082009,741,0.5506,4785,2150,2635,82,609,289,1480,21,1068,10,112,0.0974,2965,445,DET,Detroit Red Wings,0,51
30_20082009,1033,0.485,4583,2360,2223,82,630,214,1468,33,907,9,89,0.0948,2257,440,MIN,Minnesota Wild,0,40
21_20082009,1317,0.478,4600,2401,2199,82,698,190,1462,45,828,5,69,0.0805,2359,661,COL,Colorado Avalanche,0,32
7_20082009,1083,0.474,4723,2484,2239,82,871,242,1458,32,873,9,91,0.0966,2505,454,BUF,Buffalo Sabres,0,41
1_20082009,970,0.5126,4602,2243,2359,82,474,238,1448,27,928,4,106,0.0882,2698,431,NJD,New Jersey Devils,0,51
22_20082009,1074,0.4787,4764,2483,2281,82,1038,228,1393,35,912,9,85,0.099,2303,556,EDM,Edmonton Oilers,0,38
11_20082009,1122,0.5115,4862,2375,2487,82,670,250,1380,41,849,6,76,0.1084,2306,739,ATL,Atlanta Thrashers,0,35
23_20082009,993,0.5186,4726,2275,2451,82,653,243,1315,27,949,10,100,0.104,2335,577,VAN,Vancouver Canucks,0,45
25_20092010,1150,0.4812,4592,2382,2210,82,728,230,2338,31,995,14,88,0.0911,2524,624,DAL,Dallas Stars,0,37
3_20092010,1176,0.4917,4545,2310,2235,82,453,219,2330,33,976,11,87,0.0903,2425,592,NYR,New York Rangers,0,38
5_20092010,1182,0.4926,4754,2412,2342,82,623,249,2154,28,1055,7,101,0.0926,2688,388,PIT,Pittsburgh Penguins,0,47
12_20092010,1176,0.4814,4815,2497,2318,82,559,226,2139,37,1011,10,80,0.094,2402,654,CAR,Carolina Hurricanes,0,35
26_20092010,990,0.5061,4503,2224,2279,82,815,231,2122,27,1016,9,101,0.0966,2389,417,LAK,Los Angeles Kings,0,46
29_20092010,1029,0.5098,4558,2234,2324,82,387,214,2075,35,755,15,79,0.0915,2338,396,CBJ,Columbus Blue Jackets,0,32
24_20092010,943,0.4806,4550,2363,2187,82,633,233,2050,32,950,11,89,0.0942,2472,447,ANA,Anaheim Ducks,0,39
17_20092010,914,0.5109,4580,2240,2340,82,805,223,1972,24,1093,14,102,0.0814,2737,580,DET,Detroit Red Wings,0,44
9_20092010,1193,0.4933,4648,2355,2293,82,757,220,1939,32,909,6,94,0.0903,2436,701,OTT,Ottawa Senators,0,44
6_20092010,972,0.526,4640,2199,2441,82,475,196,1935,30,932,13,91,0.0754,2599,387,BOS,Boston Bruins,0,39
28_20092010,1062,0.5561,4740,2104,2636,82,810,257,1934,20,1054,11,113,0.0987,2602,563,SJS,San Jose Sharks,0,51
2_20092010,1379,0.4823,4687,2426,2261,82,809,214,1829,37,949,11,79,0.0858,2493,948,NYI,New York Islanders,0,34
13_20092010,1403,0.4987,4658,2335,2323,82,512,202,1810,37,897,13,77,0.0866,2331,514,FLA,Florida Panthers,0,32
4_20092010,1254,0.5007,4823,2408,2415,82,664,232,1807,35,1001,6,88,0.0896,2589,559,PHI,Philadelphia Flyers,0,41
27_20092010,970,0.4995,4562,2283,2279,82,420,211,1802,25,991,7,107,0.0843,2502,404,PHX,Phoenix Coyotes,0,50
10_20092010,1218,0.5083,4684,2303,2381,82,761,210,1777,38,1117,14,74,0.0786,2671,579,TOR,Toronto Maple Leafs,0,30
19_20092010,1055,0.4883,4816,2464,2352,82,548,218,1760,32,989,10,90,0.0891,2445,547,STL,St. Louis Blues,0,40
30_20092010,1096,0.5221,4702,2247,2455,82,633,214,1746,36,927,8,84,0.0944,2266,462,MIN,Minnesota Wild,0,38
15_20092010,1153,0.5151,4927,2389,2538,82,760,313,1731,15,1073,13,121,0.1162,2693,658,WSH,Washington Capitals,0,54
20_20092010,1062,0.4799,4661,2424,2237,82,724,201,1708,32,1005,10,90,0.0855,2350,580,CGY,Calgary Flames,0,40
14_20092010,1108,0.5154,4738,2296,2442,82,639,213,1650,36,892,12,80,0.0899,2367,510,TBL,Tampa Bay Lightning,0,34
1_20092010,963,0.4943,4244,2146,2098,82,695,216,1600,27,815,7,103,0.0878,2459,486,NJD,New Jersey Devils,0,48
21_20092010,1226,0.4773,4535,2370,2165,82,646,237,1568,30,765,9,95,0.1036,2287,684,COL,Colorado Avalanche,0,43
22_20092010,1305,0.4639,4677,2507,2170,82,1055,206,1566,47,892,8,62,0.0887,2321,544,EDM,Edmonton Oilers,0,27
16_20092010,1067,0.5239,4466,2126,2340,82,550,262,1555,22,982,8,112,0.0936,2798,683,CHI,Chicago Blackhawks,0,52
8_20092010,1344,0.497,4597,2312,2285,82,910,210,1542,33,958,10,88,0.0895,2346,562,MTL,Montréal Canadiens,0,39
23_20092010,991,0.5137,4738,2304,2434,82,578,268,1499,28,1031,5,103,0.1057,2534,570,VAN,Vancouver Canucks,0,49
11_20092010,1069,0.5085,4816,2367,2449,82,676,230,1469,34,841,13,83,0.0954,2409,820,ATL,Atlanta Thrashers,0,35
18_20092010,1006,0.4918,4688,2382,2306,82,787,217,1419,29,1014,6,100,0.0865,2508,677,NSH,Nashville Predators,0,47
7_20092010,996,0.4863,4665,2396,2269,82,821,231,1388,27,904,10,100,0.0892,2588,480,BUF,Buffalo Sabres,0,45
3_20102011,1301,0.4772,4599,2404,2195,82,446,224,2333,33,940,5,93,0.0913,2453,604,NYR,New York Rangers,0,44
29_20102011,1114,0.5118,4804,2345,2459,82,380,210,2316,35,954,13,81,0.0837,2506,521,CBJ,Columbus Blue Jackets,0,34
5_20102011,1082,0.4921,4732,2403,2329,82,507,228,2280,25,971,8,106,0.0883,2582,444,PIT,Pittsburgh Penguins,0,49
25_20102011,1204,0.4995,4776,2390,2386,82,711,222,2212,29,1064,11,95,0.0978,2269,638,DAL,Dallas Stars,0,42
12_20102011,1203,0.4461,4913,2721,2192,82,594,231,2128,31,1045,11,91,0.0917,2517,705,CAR,Carolina Hurricanes,0,40
26_20102011,1032,0.5112,4708,2301,2407,82,856,209,2127,30,1081,6,98,0.0884,2363,451,LAK,Los Angeles Kings,0,46
10_20102011,1323,0.5045,4699,2328,2371,82,902,213,2049,34,1007,11,85,0.0902,2360,584,TOR,Toronto Maple Leafs,0,37
19_20102011,1099,0.473,4608,2428,2180,82,405,236,1958,33,1043,11,87,0.0953,2475,477,STL,St. Louis Blues,0,38
24_20102011,1248,0.4767,4627,2421,2206,82,628,235,1936,30,885,5,99,0.1006,2334,446,ANA,Anaheim Ducks,0,47
4_20102011,1317,0.503,4938,2454,2484,82,655,256,1905,23,951,12,106,0.0982,2605,568,PHI,Philadelphia Flyers,0,47
13_20102011,1125,0.5192,4639,2230,2409,82,474,191,1895,40,948,12,72,0.0766,2493,563,FLA,Florida Panthers,0,30
15_20102011,1257,0.5165,4906,2372,2534,82,693,219,1885,23,991,11,107,0.0853,2566,657,WSH,Washington Capitals,0,48
27_20102011,1056,0.5146,4957,2406,2551,82,542,226,1881,26,1032,13,99,0.0909,2486,472,PHX,Phoenix Coyotes,0,43
30_20102011,1129,0.5074,4745,2337,2408,82,605,203,1865,35,863,8,86,0.0945,2148,536,MIN,Minnesota Wild,0,39
16_20102011,1144,0.5081,4751,2337,2414,82,620,252,1824,29,928,9,97,0.0955,2637,764,CHI,Chicago Blackhawks,0,44
2_20102011,1387,0.5014,4862,2424,2438,82,757,225,1808,39,901,13,73,0.0934,2408,876,NYI,New York Islanders,0,30
28_20102011,1141,0.5372,4806,2224,2582,82,822,243,1801,25,1095,9,105,0.0858,2832,680,SJS,San Jose Sharks,0,48
17_20102011,917,0.5194,4890,2350,2540,82,734,257,1794,25,1115,10,104,0.0932,2757,569,DET,Detroit Red Wings,0,47
22_20102011,1219,0.4415,4611,2575,2036,82,972,191,1794,45,840,12,62,0.0872,2188,621,EDM,Edmonton Oilers,0,25
23_20102011,1071,0.5485,4836,2183,2653,82,555,258,1791,19,1022,9,117,0.0983,2624,596,VAN,Vancouver Canucks,0,54
6_20102011,1172,0.5186,4791,2306,2485,82,542,244,1736,25,948,11,103,0.0905,2696,424,BOS,Boston Bruins,0,46
21_20102011,1176,0.5063,4811,2375,2436,82,574,221,1726,44,851,8,68,0.0923,2394,684,COL,Colorado Avalanche,0,30
18_20102011,1007,0.502,4685,2333,2352,82,732,213,1684,27,840,11,99,0.0901,2362,716,NSH,Nashville Predators,0,44
20_20102011,1209,0.4814,4881,2531,2350,82,805,241,1664,29,1047,12,94,0.0963,2501,578,CGY,Calgary Flames,0,41
9_20102011,1115,0.5084,4510,2217,2293,82,734,190,1658,40,892,10,74,0.0797,2381,642,OTT,Ottawa Senators,0,32
8_20102011,1272,0.49,4712,2403,2309,82,738,213,1658,30,1012,8,96,0.0818,2602,519,MTL,Montréal Canadiens,0,44
14_20102011,1249,0.5038,4934,2448,2486,82,673,241,1647,25,989,11,103,0.0925,2605,573,TBL,Tampa Bay Lightning,0,46
1_20102011,875,0.5118,4271,2085,2186,82,703,171,1539,39,835,5,81,0.0729,2344,513,NJD,New Jersey Devils,0,38
11_20102011,1292,0.4873,4742,2431,2311,82,621,218,1512,36,951,12,80,0.0844,2581,825,ATL,Atlanta Thrashers,0,34
7_20102011,1168,0.4767,4724,2472,2252,82,693,240,1505,29,877,10,96,0.0892,2690,564,BUF,Buffalo Sabres,0,43
3_20112012,1338,0.4994,4577,2291,2286,82,525,222,2419,24,886,7,109,0.0949,2338,536,NYR,New York Rangers,0,51
26_20112012,969,0.5151,4647,2253,2394,82,770,188,2274,27,1123,15,95,0.0749,2509,452,LAK,Los Angeles Kings,0,40
25_20112012,1262,0.4911,4742,2413,2329,82,627,204,2235,35,1006,5,89,0.0881,2315,552,DAL,Dallas Stars,0,42
10_20112012,1223,0.5165,4689,2267,2422,82,904,227,2218,37,991,10,80,0.0977,2322,569,TOR,Toronto Maple Leafs,0,35
27_20112012,1071,0.5015,4628,2307,2321,82,520,210,2084,27,1013,13,97,0.0864,2429,482,PHX,Phoenix Coyotes,0,42
5_20112012,1065,0.5043,4957,2457,2500,82,491,273,2058,25,1088,6,108,0.0982,2779,439,PIT,Pittsburgh Penguins,0,51
4_20112012,1208,0.4831,4825,2494,2331,82,625,260,2058,26,1002,9,103,0.0984,2641,478,PHI,Philadelphia Flyers,0,47
29_20112012,1054,0.5088,4793,2354,2439,82,425,198,2018,46,842,7,65,0.0806,2454,598,CBJ,Columbus Blue Jackets,0,29
9_20112012,1078,0.5013,4893,2440,2453,82,762,243,1975,31,1033,10,92,0.0944,2574,642,OTT,Ottawa Senators,0,41
15_20112012,1302,0.4995,4764,2384,2380,82,737,218,1972,32,934,8,92,0.0949,2295,602,WSH,Washington Capitals,0,42
52_20112012,1197,0.4903,4762,2427,2335,82,604,221,1966,35,1067,10,84,0.0894,2471,484,WPG,Winnipeg Jets,0,37
19_20112012,1120,0.5042,4633,2297,2336,82,380,206,1949,22,1066,11,109,0.082,2512,500,STL,St. Louis Blues,0,49
21_20112012,1111,0.5162,4666,2257,2409,82,538,199,1889,35,873,6,88,0.077,2583,704,COL,Colorado Avalanche,0,41
13_20112012,1042,0.5057,4583,2265,2318,82,499,197,1858,26,917,18,94,0.0809,2433,602,FLA,Florida Panthers,0,38
24_20112012,1175,0.474,4540,2388,2152,82,666,201,1856,36,1017,12,80,0.0877,2291,443,ANA,Anaheim Ducks,0,34
8_20112012,1341,0.4825,4739,2452,2287,82,775,207,1840,35,901,16,78,0.0884,2340,468,MTL,Montréal Canadiens,0,31
2_20112012,1364,0.48,4560,2371,2189,82,736,196,1840,37,850,11,79,0.0813,2410,853,NYI,New York Islanders,0,34
23_20112012,1019,0.5215,4849,2320,2529,82,582,241,1826,22,990,9,111,0.0933,2583,539,VAN,Vancouver Canucks,0,51
14_20112012,1278,0.4858,4845,2491,2354,82,566,232,1788,36,859,8,84,0.1041,2227,536,TBL,Tampa Bay Lightning,0,38
6_20112012,1054,0.5452,4829,2196,2633,82,538,260,1778,29,1010,4,102,0.098,2653,456,BOS,Boston Bruins,0,49
30_20112012,1347,0.5122,4804,2343,2461,82,505,166,1771,36,838,11,81,0.0763,2174,561,MIN,Minnesota Wild,0,35
12_20112012,1239,0.5072,4858,2394,2464,82,559,212,1699,33,1016,16,82,0.0849,2497,589,CAR,Carolina Hurricanes,0,33
1_20112012,928,0.4706,4451,2356,2095,82,632,216,1677,28,762,6,102,0.0958,2253,486,NJD,New Jersey Devils,0,48
22_20112012,1239,0.4771,4573,2391,2182,82,996,207,1632,40,875,10,74,0.0946,2186,621,EDM,Edmonton Oilers,0,32
17_20112012,972,0.5158,4569,2212,2357,82,582,239,1612,28,997,6,102,0.0905,2638,526,DET,Detroit Red Wings,0,48
20_20112012,1158,0.4616,4804,2586,2218,82,814,199,1603,29,824,16,90,0.0881,2258,612,CGY,Calgary Flames,0,37
28_20112012,1327,0.5332,4857,2267,2590,82,811,219,1565,29,1081,10,96,0.0789,2773,639,SJS,San Jose Sharks,0,43
18_20112012,1213,0.4899,4886,2492,2394,82,658,232,1514,26,803,8,104,0.1026,2261,642,NSH,Nashville Predators,0,48
7_20112012,1075,0.4952,4735,2390,2345,82,689,211,1512,32,893,11,89,0.088,2397,516,BUF,Buffalo Sabres,0,39
16_20112012,1029,0.5054,4728,2338,2390,82,588,241,1500,26,922,11,101,0.0933,2583,775,CHI,Chicago Blackhawks,0,45
10_20122013,826,0.5005,2951,1474,1477,48,554,145,1626,17,547,5,57,0.1147,1264,329,TOR,Toronto Maple Leafs,0,26
26_20122013,511,0.5201,2826,1356,1470,48,426,131,1446,16,656,5,59,0.0915,1431,226,LAK,Los Angeles Kings,0,27
3_20122013,773,0.5,2820,1410,1410,48,334,126,1413,18,566,4,56,0.0849,1483,271,NYR,New York Rangers,0,26
52_20122013,713,0.4894,2746,1402,1344,48,378,126,1411,21,608,3,51,0.0907,1389,289,WPG,Winnipeg Jets,0,24
4_20122013,784,0.4853,2901,1493,1408,48,382,132,1316,22,521,3,49,0.0946,1394,255,PHI,Philadelphia Flyers,0,23
9_20122013,616,0.4915,2889,1469,1420,48,400,112,1307,17,598,6,56,0.0703,1591,312,OTT,Ottawa Senators,0,25
27_20122013,689,0.5201,2849,1367,1482,48,252,121,1260,18,602,9,51,0.0816,1482,302,PHX,Phoenix Coyotes,0,21
21_20122013,783,0.5107,2837,1388,1449,48,349,114,1241,25,508,7,39,0.0805,1415,405,COL,Colorado Avalanche,0,16
5_20122013,735,0.5146,2893,1404,1489,48,298,162,1229,12,547,0,72,0.1126,1438,227,PIT,Pittsburgh Penguins,0,36
6_20122013,650,0.5639,2846,1241,1605,48,402,127,1200,14,611,6,62,0.0815,1557,278,BOS,Boston Bruins,0,28
25_20122013,671,0.4716,2875,1519,1356,48,423,128,1199,22,579,4,48,0.1015,1261,327,DAL,Dallas Stars,0,22
29_20122013,627,0.5199,2802,1345,1457,48,214,115,1188,17,453,7,55,0.0896,1283,270,CBJ,Columbus Blue Jackets,0,24
24_20122013,776,0.4754,2907,1525,1382,48,379,134,1149,12,524,6,66,0.0994,1347,280,ANA,Anaheim Ducks,0,30
19_20122013,677,0.5072,2835,1397,1438,48,219,124,1120,17,539,2,60,0.0928,1336,292,STL,St. Louis Blues,0,29
13_20122013,605,0.4935,2719,1377,1342,48,287,109,1110,27,505,6,36,0.0778,1400,307,FLA,Florida Panthers,0,15
14_20122013,680,0.5115,2932,1432,1500,48,396,147,1105,26,503,4,40,0.1111,1323,316,TBL,Tampa Bay Lightning,0,18
12_20122013,667,0.502,2994,1491,1503,48,333,127,1100,25,642,4,42,0.0822,1545,426,CAR,Carolina Hurricanes,0,19
15_20122013,765,0.5076,2923,1439,1484,48,403,146,1091,18,553,3,57,0.1081,1350,307,WSH,Washington Capitals,0,27
7_20122013,718,0.4623,2898,1558,1340,48,385,118,1079,21,460,6,48,0.0881,1339,300,BUF,Buffalo Sabres,0,21
8_20122013,702,0.4975,3013,1514,1499,48,394,146,1067,14,580,5,63,0.0994,1468,260,MTL,Montréal Canadiens,0,29
22_20122013,754,0.4612,2747,1480,1267,48,479,123,1060,22,482,7,45,0.0957,1285,307,EDM,Edmonton Oilers,0,19
28_20122013,800,0.5338,3010,1403,1607,48,477,116,1031,16,633,7,57,0.076,1526,343,SJS,San Jose Sharks,0,25
23_20122013,566,0.4759,2868,1503,1365,48,342,122,1020,15,563,7,59,0.0903,1350,324,VAN,Vancouver Canucks,0,26
2_20122013,766,0.497,2754,1385,1369,48,475,135,1018,17,526,7,55,0.0909,1485,382,NYI,New York Islanders,0,24
18_20122013,703,0.4972,2777,1396,1381,48,388,109,995,23,464,9,41,0.0876,1244,314,NSH,Nashville Predators,0,16
30_20122013,614,0.5245,2835,1348,1487,48,315,118,956,19,494,3,55,0.0853,1382,262,MIN,Minnesota Wild,0,26
20_20122013,699,0.4664,3008,1605,1403,48,418,128,935,25,518,4,42,0.0989,1293,342,CGY,Calgary Flames,0,19
1_20122013,515,0.4818,2779,1440,1339,48,334,110,892,19,558,10,48,0.0807,1362,297,NJD,New Jersey Devils,0,19
17_20122013,560,0.508,2730,1343,1387,48,366,122,865,16,612,8,56,0.0843,1447,285,DET,Detroit Red Wings,0,24
16_20122013,652,0.5077,2828,1392,1436,48,345,149,840,7,500,5,77,0.0997,1494,467,CHI,Chicago Blackhawks,0,36
29_20132014,1081,0.5155,4824,2337,2487,82,449,226,2609,32,905,7,93,0.0929,2431,487,CBJ,Columbus Blue Jackets,0,43
26_20132014,927,0.5275,4870,2301,2569,82,867,198,2609,28,1188,8,100,0.0763,2595,344,LAK,Los Angeles Kings,0,46
10_20132014,1278,0.4825,5334,2760,2574,82,892,222,2592,36,865,8,84,0.0969,2290,600,TOR,Toronto Maple Leafs,0,38
9_20132014,955,0.5124,5189,2530,2659,82,757,229,2351,31,1092,14,88,0.085,2692,595,OTT,Ottawa Senators,0,37
52_20132014,1256,0.4688,4882,2593,2289,82,735,219,2313,35,1027,10,84,0.087,2516,526,WPG,Winnipeg Jets,0,37
4_20132014,1200,0.4997,5011,2507,2504,82,587,233,2174,30,1005,10,94,0.0935,2490,445,PHI,Philadelphia Flyers,0,42
27_20132014,1130,0.5197,4931,2368,2563,82,461,210,2173,30,998,15,89,0.084,2499,512,PHX,Phoenix Coyotes,0,37
5_20132014,1187,0.5097,4796,2351,2445,82,609,242,2162,24,865,7,109,0.0986,2454,386,PIT,Pittsburgh Penguins,0,51
2_20132014,1242,0.4718,4896,2586,2310,82,743,216,2092,37,931,11,79,0.0851,2537,665,NYI,New York Islanders,0,34
21_20132014,1202,0.4948,4907,2479,2428,82,535,245,2035,22,828,8,112,0.1012,2420,633,COL,Colorado Avalanche,0,52
24_20132014,1242,0.492,5266,2675,2591,82,670,263,2024,20,1019,8,116,0.1023,2569,447,ANA,Anaheim Ducks,0,54
6_20132014,1051,0.5159,4995,2418,2577,82,608,258,2008,19,987,9,117,0.0987,2613,552,BOS,Boston Bruins,0,54
7_20132014,1238,0.4679,4926,2621,2305,82,542,150,1992,51,778,10,52,0.0695,2156,455,BUF,Buffalo Sabres,0,21
3_20132014,1119,0.4882,4909,2512,2397,82,706,214,1905,31,993,6,96,0.0787,2719,564,NYR,New York Rangers,0,45
15_20132014,1211,0.4841,5032,2596,2436,82,626,225,1904,30,952,14,90,0.0932,2412,575,WSH,Washington Capitals,0,38
13_20132014,982,0.4826,4931,2551,2380,82,473,188,1860,45,953,8,66,0.0767,2451,523,FLA,Florida Panthers,0,29
19_20132014,1121,0.5186,4890,2354,2536,82,350,239,1839,23,1026,7,111,0.0995,2402,544,STL,St. Louis Blues,0,52
12_20132014,1096,0.5259,5042,2390,2652,82,734,205,1807,35,1058,11,83,0.08,2561,785,CAR,Carolina Hurricanes,0,36
22_20132014,1252,0.4901,4886,2491,2395,82,969,199,1751,44,837,9,67,0.0901,2208,578,EDM,Edmonton Oilers,0,29
8_20132014,1491,0.4956,5108,2576,2532,82,646,209,1722,28,942,8,100,0.0896,2330,446,MTL,Montréal Canadiens,0,46
23_20132014,1217,0.5136,4933,2399,2534,82,538,191,1710,35,1031,11,83,0.0755,2527,524,VAN,Vancouver Canucks,0,36
20_20132014,1423,0.4624,4872,2619,2253,82,738,202,1708,40,925,7,77,0.0918,2199,575,CGY,Calgary Flames,0,35
25_20132014,1210,0.5008,5127,2559,2568,82,793,231,1644,31,1107,11,91,0.0889,2597,569,DAL,Dallas Stars,0,40
14_20132014,1121,0.4923,4862,2468,2394,82,640,232,1642,27,996,9,101,0.0948,2446,512,TBL,Tampa Bay Lightning,0,46
28_20132014,1286,0.5278,5204,2457,2747,82,833,239,1632,22,1148,9,111,0.0838,2851,641,SJS,San Jose Sharks,0,51
17_20132014,1014,0.5075,4900,2413,2487,82,602,217,1621,28,922,15,93,0.0883,2456,512,DET,Detroit Red Wings,0,39
18_20132014,1230,0.5306,4873,2287,2586,82,618,214,1611,32,859,12,88,0.0898,2382,556,NSH,Nashville Predators,0,38
1_20132014,849,0.4701,4624,2450,2174,82,552,197,1568,29,832,18,88,0.0895,2199,465,NJD,New Jersey Devils,0,35
30_20132014,1126,0.5088,4703,2310,2393,82,476,199,1412,27,860,12,98,0.0912,2180,548,MIN,Minnesota Wild,0,43
16_20132014,1023,0.5198,4873,2340,2533,82,641,261,1375,21,921,15,107,0.0961,2715,583,CHI,Chicago Blackhawks,0,46
2_20142015,1323,0.4922,4880,2478,2402,82,929,245,2685,28,1043,7,101,0.0884,2771,774,NYI,New York Islanders,0,47
26_20142015,992,0.5132,4929,2399,2530,82,780,218,2630,27,1109,15,95,0.0859,2536,375,LAK,Los Angeles Kings,0,40
10_20142015,1175,0.4903,5194,2647,2547,82,710,206,2545,44,938,8,68,0.0859,2397,756,TOR,Toronto Maple Leafs,0,30
4_20142015,1248,0.5114,5027,2456,2571,82,588,212,2511,31,940,18,84,0.0878,2413,413,PHI,Philadelphia Flyers,0,33
29_20142015,1080,0.4928,5068,2570,2498,82,485,227,2510,35,824,5,89,0.0959,2366,485,CBJ,Columbus Blue Jackets,0,42
5_20142015,1094,0.4906,4883,2487,2396,82,581,217,2495,27,917,12,98,0.0836,2594,441,PIT,Pittsburgh Penguins,0,43
53_20142015,1271,0.5184,5142,2476,2666,82,538,165,2489,50,992,8,56,0.0689,2393,490,ARI,Arizona Coyotes,0,24
52_20142015,1120,0.4888,5065,2589,2476,82,772,223,2409,26,962,13,99,0.0914,2439,536,WPG,Winnipeg Jets,0,43
15_20142015,1271,0.5124,4921,2399,2522,82,697,237,2335,26,1060,11,101,0.0979,2419,589,WSH,Washington Capitals,0,45
24_20142015,1162,0.5164,5135,2483,2652,82,745,228,2301,24,1120,7,109,0.0927,2458,479,ANA,Anaheim Ducks,0,51
9_20142015,1045,0.4822,5020,2599,2421,82,719,232,2279,26,973,13,99,0.0913,2539,648,OTT,Ottawa Senators,0,43
13_20142015,1001,0.4859,5155,2650,2505,82,472,198,2268,29,880,15,91,0.0786,2516,487,FLA,Florida Panthers,0,38
7_20142015,1534,0.4494,4884,2689,2195,82,514,153,2204,51,656,8,54,0.0771,1984,379,BUF,Buffalo Sabres,0,23
6_20142015,1047,0.5362,5009,2323,2686,82,604,209,2112,27,1004,14,96,0.082,2546,487,BOS,Boston Bruins,0,41
21_20142015,1391,0.5082,5039,2478,2561,82,545,209,2018,31,767,12,90,0.0914,2286,664,COL,Colorado Avalanche,0,39
22_20142015,1205,0.4821,4957,2567,2390,82,898,193,1980,44,937,14,62,0.0827,2331,598,EDM,Edmonton Oilers,0,24
12_20142015,1090,0.5296,4913,2311,2602,82,720,183,1953,41,1025,11,71,0.0725,2524,746,CAR,Carolina Hurricanes,0,30
28_20142015,1292,0.5192,5196,2498,2698,82,942,224,1930,33,1099,9,89,0.0864,2591,624,SJS,San Jose Sharks,0,40
3_20142015,1159,0.4673,4917,2619,2298,82,775,248,1913,22,896,7,113,0.096,2582,667,NYR,New York Rangers,0,53
19_20142015,1173,0.5342,5123,2386,2737,82,425,239,1847,24,993,7,109,0.0942,2535,532,STL,St. Louis Blues,0,51
20_20142015,1557,0.4745,5123,2692,2431,82,899,237,1782,30,890,7,97,0.1052,2252,814,CGY,Calgary Flames,0,45
14_20142015,1098,0.497,4772,2400,2372,82,667,259,1759,24,928,8,108,0.1066,2428,530,TBL,Tampa Bay Lightning,0,50
8_20142015,1406,0.5208,5174,2479,2695,82,830,214,1696,22,905,10,110,0.0916,2334,457,MTL,Montréal Canadiens,0,50
18_20142015,1180,0.489,5239,2677,2562,82,660,226,1691,25,1018,10,104,0.0864,2614,529,NSH,Nashville Predators,0,47
25_20142015,1247,0.5175,5418,2614,2804,82,821,257,1657,31,1191,10,92,0.1004,2558,645,DAL,Dallas Stars,0,41
1_20142015,1042,0.4728,4659,2456,2203,82,624,176,1646,36,776,14,78,0.0876,2008,453,NJD,New Jersey Devils,0,32
23_20142015,1216,0.4666,4993,2663,2330,82,689,236,1582,29,900,5,101,0.0962,2453,502,VAN,Vancouver Canucks,0,48
17_20142015,908,0.5146,5015,2434,2581,82,601,231,1569,25,921,14,100,0.0951,2429,415,DET,Detroit Red Wings,0,43
16_20142015,1040,0.5204,4905,2352,2553,82,634,220,1357,28,936,6,102,0.0792,2777,593,CHI,Chicago Blackhawks,0,48
30_20142015,1233,0.4986,4995,2504,2491,82,522,227,1323,28,955,8,100,0.09,2522,585,MIN,Minnesota Wild,0,46
26_20152016,1027,0.505,5017,2483,2534,82,728,223,2495,28,1222,6,102,0.0849,2625,347,LAK,Los Angeles Kings,0,48
2_20152016,1322,0.5008,4654,2323,2331,82,818,227,2311,27,942,10,100,0.0941,2412,623,NYI,New York Islanders,0,45
9_20152016,1196,0.5055,4983,2464,2519,82,755,230,2262,35,927,9,85,0.0989,2325,585,OTT,Ottawa Senators,0,38
24_20152016,1178,0.5194,4807,2310,2497,82,802,215,2234,25,1083,11,103,0.0865,2483,428,ANA,Anaheim Ducks,0,46
4_20152016,1309,0.5099,4961,2431,2530,82,687,211,2196,27,1013,14,96,0.083,2540,455,PHI,Philadelphia Flyers,0,41
6_20152016,1184,0.5042,5140,2548,2592,82,705,236,2164,31,936,9,93,0.09,2620,501,BOS,Boston Bruins,0,42
3_20152016,1314,0.4918,4703,2390,2313,82,824,233,2164,27,936,9,101,0.0997,2336,603,NYR,New York Rangers,0,46
29_20152016,1260,0.4899,5043,2572,2471,82,478,213,2145,40,872,8,76,0.0892,2387,490,CBJ,Columbus Blue Jackets,0,34
10_20152016,1035,0.5058,5173,2556,2617,82,626,192,2119,42,1188,11,69,0.0763,2515,669,TOR,Toronto Maple Leafs,0,29
52_20152016,1133,0.4673,4829,2572,2257,82,766,212,2103,39,937,8,78,0.0873,2427,550,WPG,Winnipeg Jets,0,35
15_20152016,1266,0.4957,4777,2409,2368,82,726,248,1994,18,986,8,120,0.0988,2510,565,WSH,Washington Capitals,0,56
5_20152016,1091,0.5016,5169,2576,2593,82,631,241,1947,26,916,8,104,0.0885,2722,500,PIT,Pittsburgh Penguins,0,48
19_20152016,1127,0.5126,5031,2452,2579,82,445,219,1937,24,918,9,107,0.0885,2474,504,STL,St. Louis Blues,0,49
8_20152016,1144,0.5033,5207,2586,2621,82,885,216,1933,38,928,6,82,0.0862,2504,496,MTL,Montréal Canadiens,0,38
7_20152016,1095,0.4937,4915,2488,2427,82,520,199,1916,36,866,11,81,0.0822,2418,431,BUF,Buffalo Sabres,0,35
13_20152016,942,0.5007,5088,2540,2548,82,610,232,1910,26,855,9,103,0.0983,2358,506,FLA,Florida Panthers,0,47
18_20152016,1232,0.4869,4902,2515,2387,82,633,224,1886,27,962,14,96,0.0893,2507,473,NSH,Nashville Predators,0,41
21_20152016,1401,0.4985,4782,2398,2384,82,517,212,1848,39,820,4,82,0.0902,2348,456,COL,Colorado Avalanche,0,39
1_20152016,1054,0.4643,4701,2518,2183,82,509,182,1840,36,778,8,84,0.0908,2003,463,NJD,New Jersey Devils,0,38
22_20152016,1233,0.4879,4978,2549,2429,82,881,199,1818,43,896,8,70,0.0834,2386,564,EDM,Edmonton Oilers,0,31
53_20152016,1150,0.5469,5050,2288,2762,82,465,208,1815,39,934,8,78,0.0918,2265,483,ARI,Arizona Coyotes,0,35
20_20152016,1320,0.4859,4961,2550,2411,82,804,229,1700,40,896,7,77,0.0954,2398,573,CGY,Calgary Flames,0,35
28_20152016,1292,0.5069,4876,2404,2472,82,931,237,1686,30,1016,6,98,0.0951,2491,593,SJS,San Jose Sharks,0,46
14_20152016,1027,0.4948,4793,2421,2372,82,679,224,1682,31,994,5,97,0.0932,2402,470,TBL,Tampa Bay Lightning,0,46
17_20152016,909,0.5052,4784,2367,2417,82,599,209,1651,30,938,11,93,0.0859,2432,415,DET,Detroit Red Wings,0,41
25_20152016,1224,0.5019,5174,2577,2597,82,872,265,1556,23,1121,9,109,0.1009,2624,575,DAL,Dallas Stars,0,50
12_20152016,980,0.5366,4701,2178,2523,82,656,196,1550,31,1030,16,86,0.0799,2451,756,CAR,Carolina Hurricanes,0,35
23_20152016,1058,0.4544,4892,2669,2223,82,661,186,1533,38,858,13,75,0.0804,2311,440,VAN,Vancouver Canucks,0,31
30_20152016,1209,0.5252,4933,2342,2591,82,557,213,1406,33,902,11,87,0.0897,2374,503,MIN,Minnesota Wild,0,38
16_20152016,1133,0.4925,4832,2452,2380,82,642,234,1389,26,849,9,103,0.0936,2498,477,CHI,Chicago Blackhawks,0,47
26_20162017,1077,0.5076,4948,2436,2512,82,728,199,2323,35,1136,8,86,0.0779,2553,317,LAK,Los Angeles Kings,0,39
24_20162017,1148,0.5469,4913,2226,2687,82,766,220,2146,23,1031,13,105,0.0907,2425,411,ANA,Anaheim Ducks,0,46
2_20162017,1363,0.4769,4741,2480,2261,82,808,239,2126,29,917,12,94,0.0963,2480,569,NYI,New York Islanders,0,41
9_20162017,1352,0.5096,5001,2452,2549,82,791,206,2114,28,916,10,98,0.0836,2463,537,OTT,Ottawa Senators,0,44
53_20162017,1215,0.48,5025,2613,2412,82,607,191,2098,42,947,10,70,0.0837,2281,403,ARI,Arizona Coyotes,0,30
22_20162017,1294,0.4703,4894,2592,2302,82,948,243,2073,26,955,9,103,0.0954,2547,625,EDM,Edmonton Oilers,0,47
4_20162017,1309,0.5227,4857,2318,2539,82,736,212,2063,33,1051,10,88,0.082,2585,427,PHI,Philadelphia Flyers,0,39
5_20162017,1307,0.4757,5154,2702,2452,82,658,278,2060,21,901,11,111,0.1012,2745,532,PIT,Pittsburgh Penguins,0,50
10_20162017,1166,0.4987,5061,2537,2524,82,821,250,1936,27,1141,15,95,0.0955,2617,732,TOR,Toronto Maple Leafs,0,40
52_20162017,1177,0.4851,4873,2509,2364,82,769,246,1906,35,913,7,87,0.1004,2448,592,WPG,Winnipeg Jets,0,40
7_20162017,1121,0.496,4929,2484,2445,82,626,199,1872,37,892,12,78,0.0798,2491,475,BUF,Buffalo Sabres,0,33
8_20162017,1213,0.5033,4999,2483,2516,82,933,223,1864,26,988,9,103,0.0906,2459,531,MTL,Montréal Canadiens,0,47
14_20162017,1014,0.4766,4985,2609,2376,82,710,230,1842,30,1016,10,94,0.0938,2452,502,TBL,Tampa Bay Lightning,0,42
6_20162017,1094,0.5324,5045,2359,2686,82,711,232,1776,31,1072,7,95,0.0852,2721,616,BOS,Boston Bruins,0,44
15_20162017,1102,0.4984,4785,2400,2385,82,853,261,1727,19,992,8,118,0.1046,2495,643,WSH,Washington Capitals,0,55
3_20162017,1244,0.4837,4864,2511,2353,82,859,253,1715,28,1000,6,102,0.1037,2438,647,NYR,New York Rangers,0,48
19_20162017,1135,0.5027,4849,2411,2438,82,431,233,1688,29,877,7,99,0.1,2330,519,STL,St. Louis Blues,0,46
21_20162017,1076,0.5361,4907,2276,2631,82,567,165,1687,56,911,4,48,0.0716,2303,598,COL,Colorado Avalanche,0,22
13_20162017,919,0.4792,4974,2590,2384,82,786,205,1665,36,974,11,81,0.0775,2644,643,FLA,Florida Panthers,0,35
1_20162017,1030,0.4922,4920,2498,2422,82,624,180,1661,40,850,14,70,0.0789,2279,467,NJD,New Jersey Devils,0,28
18_20162017,1110,0.5144,5052,2453,2599,82,698,238,1660,29,988,12,94,0.093,2557,556,NSH,Nashville Predators,0,41
29_20162017,1179,0.4863,4939,2537,2402,82,536,247,1654,24,879,8,108,0.0972,2540,517,CBJ,Columbus Blue Jackets,0,50
17_20162017,1066,0.5187,4858,2338,2520,82,669,198,1644,36,935,13,79,0.0847,2335,432,DET,Detroit Red Wings,0,33
12_20162017,1062,0.5306,4581,2150,2431,82,786,212,1611,31,1022,15,87,0.085,2493,842,CAR,Carolina Hurricanes,0,36
25_20162017,1330,0.4991,5111,2560,2551,82,789,222,1552,37,1107,11,79,0.0886,2505,531,DAL,Dallas Stars,0,34
20_20162017,1111,0.4893,4970,2538,2432,82,805,222,1550,33,913,4,94,0.0929,2388,644,CGY,Calgary Flames,0,45
28_20162017,1359,0.4813,4776,2477,2299,82,1082,219,1539,29,1087,7,99,0.0892,2453,658,SJS,San Jose Sharks,0,46
23_20162017,1034,0.5114,4960,2423,2537,82,587,178,1471,43,843,9,69,0.0783,2273,503,VAN,Vancouver Canucks,0,30
30_20162017,1161,0.5194,4909,2359,2550,82,500,263,1284,25,918,8,106,0.104,2527,523,MIN,Minnesota Wild,0,49
16_20162017,1226,0.4747,4710,2474,2236,82,776,240,1178,23,839,9,109,0.0956,2508,601,CHI,Chicago Blackhawks,0,50
8_20172018,1351,0.4754,5037,2642,2395,82,989,207,2169,40,954,13,71,0.077,2687,579,MTL,Montréal Canadiens,0,29
22_20172018,1275,0.4868,4917,2523,2394,82,1026,229,2134,40,1046,6,78,0.0835,2740,676,EDM,Edmonton Oilers,0,36
26_20172018,1198,0.4973,4884,2455,2429,82,838,237,2115,29,1011,8,98,0.0931,2544,396,LAK,Los Angeles Kings,0,45
53_20172018,1186,0.4773,5088,2659,2429,82,600,206,1999,41,1026,12,70,0.084,2450,449,ARI,Arizona Coyotes,0,29
9_20172018,1337,0.5029,4969,2470,2499,82,809,219,1966,43,949,11,67,0.087,2515,559,OTT,Ottawa Senators,0,28
5_20172018,1184,0.5025,5118,2546,2572,82,734,270,1951,29,972,6,100,0.0956,2823,582,PIT,Pittsburgh Penguins,0,47
24_20172018,1233,0.5126,4875,2376,2499,82,831,231,1949,25,1046,13,101,0.0933,2475,480,ANA,Anaheim Ducks,0,44
6_20172018,1072,0.5074,5078,2501,2577,82,760,267,1914,20,1031,12,112,0.0987,2703,682,BOS,Boston Bruins,0,50
19_20172018,1278,0.506,4915,2428,2487,82,482,223,1893,32,987,6,94,0.0833,2677,613,STL,St. Louis Blues,0,44
25_20172018,1272,0.525,5144,2443,2701,82,697,231,1861,32,960,8,92,0.0902,2560,459,DAL,Dallas Stars,0,42
52_20172018,1240,0.524,5055,2406,2649,82,831,273,1831,20,1006,10,114,0.1032,2643,589,WPG,Winnipeg Jets,0,52
2_20172018,1263,0.4887,4919,2515,2404,82,920,261,1816,37,893,10,80,0.1014,2572,541,NYI,New York Islanders,0,35
1_20172018,1176,0.4698,5046,2675,2371,82,653,243,1816,29,962,9,97,0.0934,2599,679,NJD,New Jersey Devils,0,44
15_20172018,1220,0.504,4894,2427,2467,82,882,256,1784,26,1004,7,105,0.1076,2379,592,WSH,Washington Capitals,0,49
54_20172018,1179,0.489,4987,2548,2439,82,779,268,1767,24,1047,7,109,0.0997,2686,855,VGK,Vegas Golden Knights,0,51
7_20172018,1082,0.5153,4927,2388,2539,82,621,198,1767,45,917,12,62,0.0774,2557,445,BUF,Buffalo Sabres,0,25
23_20172018,1152,0.4952,4901,2474,2427,82,667,218,1745,40,905,11,73,0.0884,2464,499,VAN,Vancouver Canucks,0,31
29_20172018,1218,0.484,4958,2558,2400,82,518,236,1745,30,1043,7,97,0.0854,2761,617,CBJ,Columbus Blue Jackets,0,45
14_20172018,1127,0.4822,5062,2621,2441,82,692,290,1728,23,1086,5,113,0.1082,2680,575,TBL,Tampa Bay Lightning,0,54
3_20172018,1228,0.4927,4838,2454,2384,82,1039,228,1714,39,919,9,77,0.0898,2538,713,NYR,New York Rangers,0,34
4_20172018,1230,0.5326,4812,2249,2563,82,757,249,1670,26,965,14,98,0.0946,2631,478,PHI,Philadelphia Flyers,0,42
18_20172018,1204,0.533,5165,2412,2753,82,795,261,1656,18,1059,11,117,0.0988,2641,648,NSH,Nashville Predators,0,53
13_20172018,1172,0.5074,5236,2579,2657,82,1076,245,1653,30,1030,8,96,0.0868,2822,746,FLA,Florida Panthers,0,44
20_20172018,1100,0.4936,5056,2560,2496,82,824,216,1639,35,1232,10,84,0.0782,2759,679,CGY,Calgary Flames,0,37
21_20172018,1299,0.4422,4828,2693,2135,82,507,255,1633,30,889,9,95,0.1048,2432,523,COL,Colorado Avalanche,0,43
10_20172018,1104,0.5182,5187,2499,2688,82,1005,270,1632,26,1071,7,105,0.1022,2640,690,TOR,Toronto Maple Leafs,0,49
17_20172018,1168,0.4885,5009,2562,2447,82,866,212,1606,39,980,13,73,0.0851,2490,503,DET,Detroit Red Wings,0,30
12_20172018,1006,0.5406,4798,2204,2594,82,803,225,1597,35,1148,11,83,0.0809,2780,887,CAR,Carolina Hurricanes,0,36
28_20172018,1381,0.5125,4991,2433,2558,82,824,247,1380,27,1098,10,100,0.0914,2702,710,SJS,San Jose Sharks,0,45
16_20172018,1199,0.4925,5019,2547,2472,82,699,228,1376,39,947,10,76,0.0816,2793,586,CHI,Chicago Blackhawks,0,33
30_20172018,1295,0.498,4849,2434,2415,82,511,250,1367,26,865,11,101,0.1009,2476,480,MIN,Minnesota Wild,0,45
5_20182019,1229,0.5057,4908,2426,2482,82,825,271,2363,26,912,12,100,0.0992,2731,633,PIT,Pittsburgh Penguins,0,44
54_20182019,1118,0.5039,4923,2442,2481,82,749,246,2268,32,1069,7,93,0.0874,2814,903,VGK,Vegas Golden Knights,0,43
8_20182019,1170,0.4941,4932,2495,2437,82,1031,246,2203,30,1036,8,96,0.0879,2796,605,MTL,Montréal Canadiens,0,44
22_20182019,1174,0.4837,4810,2483,2327,82,968,229,2192,38,888,9,79,0.0957,2392,665,EDM,Edmonton Oilers,0,35
3_20182019,1213,0.4692,4663,2475,2188,82,1039,221,2128,36,855,14,78,0.0923,2393,667,NYR,New York Rangers,0,32
14_20182019,1125,0.512,4921,2401,2520,82,704,319,2116,16,983,4,128,0.1217,2620,571,TBL,Tampa Bay Lightning,0,62
12_20182019,1044,0.4903,4968,2532,2436,82,911,243,2073,29,1214,7,99,0.0861,2822,889,CAR,Carolina Hurricanes,0,46
2_20182019,1295,0.4744,4477,2353,2124,82,950,223,2031,27,869,7,103,0.0944,2360,556,NYI,New York Islanders,0,48
53_20182019,1298,0.4788,4818,2511,2307,82,707,209,2028,35,1006,8,86,0.0829,2521,582,ARI,Arizona Coyotes,0,39
1_20182019,1158,0.4934,4900,2482,2418,82,745,219,1924,41,902,10,72,0.088,2488,630,NJD,New Jersey Devils,0,31
26_20182019,1170,0.5046,4776,2366,2410,82,857,199,1907,42,979,9,71,0.0843,2358,428,LAK,Los Angeles Kings,0,31
13_20182019,1138,0.4982,5072,2545,2527,82,1234,264,1901,32,956,14,86,0.0975,2705,749,FLA,Florida Panthers,0,36
24_20182019,1196,0.5134,4663,2269,2394,82,930,196,1900,37,1006,10,80,0.0863,2271,564,ANA,Anaheim Ducks,0,35
15_20182019,1234,0.4573,4723,2563,2160,82,960,274,1885,26,1074,8,104,0.1099,2492,688,WSH,Washington Capitals,0,48
6_20182019,1050,0.5072,4840,2385,2455,82,808,257,1876,24,1054,9,107,0.0958,2680,715,BOS,Boston Bruins,0,49
52_20182019,1187,0.5069,4860,2396,2464,82,757,270,1841,30,972,5,99,0.1055,2557,623,WPG,Winnipeg Jets,0,47
25_20182019,1291,0.5187,4875,2346,2529,82,1029,209,1820,32,855,7,93,0.0829,2519,574,DAL,Dallas Stars,0,43
23_20182019,1233,0.4949,4857,2453,2404,82,609,219,1799,36,962,11,81,0.09,2433,535,VAN,Vancouver Canucks,0,35
9_20182019,1381,0.4957,4815,2428,2387,82,978,242,1782,47,883,6,64,0.0996,2429,608,OTT,Ottawa Senators,0,29
4_20182019,1277,0.5473,4818,2181,2637,82,821,241,1755,37,969,8,82,0.0933,2583,490,PHI,Philadelphia Flyers,0,37
17_20182019,1103,0.5077,5058,2490,2568,82,1025,224,1749,40,897,10,74,0.0935,2394,473,DET,Detroit Red Wings,0,32
29_20182019,1076,0.5024,4844,2410,2434,82,605,256,1741,31,974,4,98,0.0987,2592,620,CBJ,Columbus Blue Jackets,0,47
21_20182019,1324,0.4812,4875,2529,2346,82,595,258,1699,30,871,14,90,0.0964,2676,537,COL,Colorado Avalanche,0,38
19_20182019,1138,0.5139,4767,2317,2450,82,603,244,1615,28,927,9,99,0.0937,2604,688,STL,St. Louis Blues,0,45
30_20182019,1221,0.4937,4869,2465,2404,82,517,210,1602,36,963,9,83,0.0818,2567,568,MIN,Minnesota Wild,0,37
28_20182019,1077,0.5031,4722,2346,2376,82,836,289,1575,27,1107,9,101,0.1067,2708,745,SJS,San Jose Sharks,0,46
7_20182019,1003,0.479,4872,2538,2334,82,769,221,1565,39,961,10,76,0.0819,2697,503,BUF,Buffalo Sabres,0,33
18_20182019,1079,0.5154,4922,2385,2537,82,857,236,1492,29,1017,6,100,0.0881,2678,628,NSH,Nashville Predators,0,47
10_20182019,1113,0.5301,4959,2330,2629,82,1002,286,1421,28,1238,8,100,0.1045,2736,695,TOR,Toronto Maple Leafs,0,46
16_20182019,1115,0.4949,4760,2404,2356,82,797,267,1350,34,841,12,84,0.1,2669,617,CHI,Chicago Blackhawks,0,36
20_20182019,1033,0.5236,4755,2265,2490,82,1189,289,1233,25,1037,7,107,0.1088,2656,845,CGY,Calgary Flames,0,50
